sentnum,word,word_position,word_length
1.0,Янус,1,4
1.0,—,2,1
1.0,бог,3,3
1.0,всех,4,4
1.0,начинаний,5,9
1.0,и,6,1
1.0,переходов,7,9
1.0,в,8,1
1.0,древнеримской,9,13
1.0,религии,10,7
1.0,и,11,1
1.0,мифологии.,12,10
1.0,Он,1,2
1.0,имеет,2,5
1.0,двоякую,3,7
1.0,"природу,",4,8
1.0,и,5,1
1.0,его,6,3
1.0,обычно,7,6
1.0,изображают,8,10
1.0,"двуликим,",9,9
1.0,так,10,3
1.0,как,11,3
1.0,он,12,2
1.0,смотрит,13,7
1.0,и,14,1
1.0,в,15,1
1.0,"будущее,",16,8
1.0,и,17,1
1.0,в,18,1
1.0,прошлое.,19,8
1.0,Янусу,1,5
1.0,были,2,4
1.0,подвластны,3,10
1.0,начало,4,6
1.0,и,5,1
1.0,конец,6,5
1.0,всякого,7,7
1.0,"конфликта,",8,10
1.0,а,9,1
1.0,значит,10,6
1.0,—,11,1
1.0,война,12,5
1.0,и,13,1
1.0,мир.,14,4
1.0,Ворота,1,6
1.0,его,2,3
1.0,храма,3,5
1.0,были,4,4
1.0,открыты,5,7
1.0,во,6,2
1.0,время,7,5
1.0,войны,8,5
1.0,и,9,1
1.0,закрыты,10,7
1.0,в,11,1
1.0,мирное,12,6
1.0,время.,13,6
1.0,Януса,1,5
1.0,как,2,3
1.0,бога,3,4
1.0,ворот,4,5
1.0,также,5,5
1.0,связывали,6,9
1.0,с,7,1
1.0,входом,8,6
1.0,и,9,1
1.0,выходом,10,7
1.0,из,11,2
1.0,дома.,12,5
1.0,Янус,1,4
1.0,часто,2,5
1.0,символизировал,3,14
1.0,изменения,4,9
1.0,и,5,1
1.0,"переходы,",6,9
1.0,"например,",7,9
1.0,переход,8,7
1.0,из,9,2
1.0,одного,10,6
1.0,состояния,11,9
1.0,в,12,1
1.0,"другое,",13,7
1.0,от,14,2
1.0,одного,15,6
1.0,мировоззрения,16,13
1.0,к,17,1
1.0,"другому,",18,8
1.0,от,19,2
1.0,юности,20,6
1.0,к,21,1
1.0,зрелости.,22,9
1.0,Поэтому,1,7
1.0,Янусу,2,5
1.0,поклонялись,3,11
1.0,перед,4,5
1.0,сбором,5,6
1.0,и,6,1
1.0,посевом,7,7
1.0,"урожая,",8,7
1.0,а,9,1
1.0,также,10,5
1.0,во,11,2
1.0,время,12,5
1.0,"бракосочетаний,",13,15
1.0,похорон,14,7
1.0,и,15,1
1.0,разных,16,6
1.0,начинаний.,17,10
1.0,У,1,1
1.0,Януса,2,5
1.0,не,3,2
1.0,было,4,4
1.0,своих,5,5
1.0,"жрецов,",6,7
1.0,зато,7,4
1.0,его,8,3
1.0,церемонии,9,9
1.0,отправлял,10,9
1.0,сам,11,3
1.0,верховный,12,9
1.0,жрец.,13,5
1.0,Янус,1,4
1.0,олицетворял,2,11
1.0,золотую,3,7
1.0,середину,4,8
1.0,между,5,5
1.0,варварством,6,11
1.0,и,7,1
1.0,"цивилизацией,",8,13
1.0,деревней,9,8
1.0,и,10,1
1.0,"городом,",11,8
1.0,юностью,12,7
1.0,и,13,1
1.0,зрелостью.,14,10
1.0,У,1,1
1.0,древних,2,7
1.0,греков,3,6
1.0,не,4,2
1.0,было,5,4
1.0,"бога,",6,5
1.0,подобного,7,9
1.0,"Янусу,",8,6
1.0,и,9,1
1.0,римляне,10,7
1.0,провозглашали,11,13
1.0,его,12,3
1.0,исключительно,13,13
1.0,своим,14,5
1.0,божеством.,15,10
2.0,Жест,1,4
2.0,«шака»,2,6
2.0,—,3,1
2.0,это,4,3
2.0,знак,5,4
2.0,дружеских,6,9
2.0,"намерений,",7,10
2.0,который,8,7
2.0,часто,9,5
2.0,связывают,10,9
2.0,с,11,1
2.0,Гавайями,12,8
2.0,и,13,1
2.0,сёрф-,14,5
2.0,культурой.,15,10
2.0,Чтобы,1,5
2.0,показать,2,8
2.0,этот,3,4
2.0,"жест,",4,5
2.0,нужно,5,5
2.0,оттопырить,6,10
2.0,большой,7,7
2.0,палец,8,5
2.0,и,9,1
2.0,мизинец,10,7
2.0,и,11,1
2.0,прижать,12,7
2.0,к,13,1
2.0,ладони,14,6
2.0,"указательный,",15,13
2.0,средний,16,7
2.0,и,17,1
2.0,безымянный,18,10
2.0,"пальцы,",19,7
2.0,повернув,20,8
2.0,ладонь,21,6
2.0,передней,22,8
2.0,или,23,3
2.0,тыльной,24,7
2.0,стороной,25,8
2.0,к,26,1
2.0,собеседнику.,27,12
2.0,Для,1,3
2.0,большей,2,7
2.0,выразительности,3,15
2.0,ладонь,4,6
2.0,покачивают,5,10
2.0,взад-,6,5
2.0,вперёд.,7,7
2.0,Жест,1,4
2.0,«шака»,2,6
2.0,был,3,3
2.0,заимствован,4,11
2.0,из,5,2
2.0,традиционной,6,12
2.0,гавайской,7,9
2.0,культуры,8,8
2.0,приезжими,9,9
2.0,сёрферами,10,9
2.0,в,11,1
2.0,шестидесятых,12,12
2.0,годах,13,5
2.0,прошлого,14,8
2.0,века,15,4
2.0,и,16,1
2.0,затем,17,5
2.0,получил,18,7
2.0,распространение,19,15
2.0,по,20,2
2.0,всему,21,5
2.0,миру.,22,5
2.0,В,1,1
2.0,основном,2,8
2.0,этот,3,4
2.0,жест,4,4
2.0,используют,5,10
2.0,для,6,3
2.0,"приветствия,",7,12
2.0,но,8,2
2.0,им,9,2
2.0,также,10,5
2.0,можно,11,5
2.0,выразить,12,8
2.0,"благодарность,",13,14
2.0,поддержку,14,9
2.0,или,15,3
2.0,даже,16,4
2.0,похвалу.,17,8
2.0,Жители,1,6
2.0,Гавайев,2,7
2.0,используют,3,10
2.0,"шака,",4,5
2.0,чтобы,5,5
2.0,передать,6,8
2.0,«дух,7,4
2.0,Алоха»:,8,7
2.0,идею,9,4
2.0,"дружбы,",10,7
2.0,"понимания,",11,10
2.0,сострадания,12,11
2.0,и,13,1
2.0,солидарности,14,12
2.0,между,15,5
2.0,различными,16,10
2.0,"народами,",17,9
2.0,живущими,18,8
2.0,на,19,2
2.0,Гавайях.,20,8
2.0,Хотя,1,4
2.0,точное,2,6
2.0,происхождение,3,13
2.0,знака,4,5
2.0,"неясно,",5,7
2.0,некоторые,6,9
2.0,"предполагают,",7,13
2.0,что,8,3
2.0,он,9,2
2.0,произошёл,10,9
2.0,от,11,2
2.0,испанских,12,9
2.0,иммигрантов:,13,12
2.0,они,14,3
2.0,прижимали,15,9
2.0,четыре,16,6
2.0,пальца,17,6
2.0,к,18,1
2.0,ладони,19,6
2.0,и,20,1
2.0,прикладывали,21,12
2.0,оттопыренный,22,12
2.0,большой,23,7
2.0,палец,24,5
2.0,к,25,1
2.0,губам,26,5
2.0,в,27,1
2.0,качестве,28,8
2.0,дружеского,29,10
2.0,"жеста,",30,6
2.0,"изображая,",31,10
2.0,что,32,3
2.0,выпивают,33,8
2.0,вместе,34,6
2.0,с,35,1
2.0,местными,36,8
2.0,жителями.,37,9
3.0,В,1,1
3.0,профессиональном,2,16
3.0,спорте,3,6
3.0,допингом,4,8
3.0,называют,5,8
3.0,применение,6,10
3.0,спортсменами,7,12
3.0,запрещенных,8,11
3.0,стимулирующих,9,13
3.0,веществ.,10,8
3.0,Термин,1,6
3.0,«допинг»,2,8
3.0,широко,3,6
3.0,используется,4,12
3.0,"организациями,",5,14
3.0,регулирующими,6,13
3.0,проведение,7,10
3.0,спортивных,8,10
3.0,соревнований.,9,13
3.0,Использование,1,13
3.0,стимулирующих,2,13
3.0,веществ,3,7
3.0,для,4,3
3.0,улучшения,5,9
3.0,спортивных,6,10
3.0,"показателей,",7,12
3.0,как,8,3
3.0,"правило,",9,8
3.0,считается,10,9
3.0,неэтичным,11,9
3.0,и,12,1
3.0,поэтому,13,7
3.0,запрещено,14,9
3.0,большинством,15,12
3.0,международных,16,13
3.0,спортивных,17,10
3.0,"организаций,",18,12
3.0,включая,19,7
3.0,Международный,20,13
3.0,Олимпийский,21,11
3.0,Комитет.,22,8
3.0,Более,1,5
3.0,"того,",2,5
3.0,"спортсмены,",3,11
3.0,которые,4,7
3.0,прикладывают,5,12
3.0,явные,6,5
3.0,"усилия,",7,7
3.0,чтобы,8,5
3.0,избежать,9,8
3.0,"разоблачения,",10,13
3.0,усугубляют,11,10
3.0,нарушение,12,9
3.0,этических,13,9
3.0,принципов,14,9
3.0,открытым,15,8
3.0,обманом,16,7
3.0,и,17,1
3.0,мошенничеством.,18,15
3.0,Несмотря,1,8
3.0,на,2,2
3.0,недавнюю,3,8
3.0,популярность,4,12
3.0,этой,5,4
3.0,темы,6,4
3.0,в,7,1
3.0,газетных,8,8
3.0,"заголовках,",9,11
3.0,допинг,10,6
3.0,—,11,1
3.0,явление,12,7
3.0,не,13,2
3.0,"новое,",14,6
3.0,а,15,1
3.0,такое,16,5
3.0,же,17,2
3.0,"древнее,",18,8
3.0,как,19,3
3.0,и,20,1
3.0,сам,21,3
3.0,спорт.,22,6
3.0,Начиная,1,7
3.0,с,2,1
3.0,древних,3,7
3.0,гонок,4,5
3.0,на,5,2
3.0,колесницах,6,10
3.0,и,7,1
3.0,до,8,2
3.0,недавних,9,8
3.0,скандалов,10,9
3.0,в,11,1
3.0,бейсболе,12,8
3.0,и,13,1
3.0,"велоспорте,",14,11
3.0,взгляды,15,7
3.0,спортсменов,16,11
3.0,постоянно,17,9
3.0,менялись,18,8
3.0,в,19,1
3.0,зависимости,20,11
3.0,от,21,2
3.0,эпохи.,22,6
3.0,В,1,1
3.0,последние,2,9
3.0,десятилетия,3,11
3.0,государственные,4,15
3.0,органы,5,6
3.0,и,6,1
3.0,спортивные,7,10
3.0,организации,8,11
3.0,стараются,9,9
3.0,строго,10,6
3.0,контролировать,11,14
3.0,использование,12,13
3.0,стимулирующих,13,13
3.0,веществ,14,7
3.0,в,15,1
3.0,спорте.,16,7
3.0,Главные,1,7
3.0,причины,2,7
3.0,для,3,3
3.0,запрета,4,7
3.0,–,5,1
3.0,это,6,3
3.0,вред,7,4
3.0,стимулирующих,8,13
3.0,веществ,9,7
3.0,для,10,3
3.0,"здоровья,",11,9
3.0,обеспечение,12,11
3.0,равных,13,6
3.0,возможностей,14,12
3.0,для,15,3
3.0,спортсменов,16,11
3.0,и,17,1
3.0,положительный,18,13
3.0,"пример,",19,7
3.0,который,20,7
3.0,спорт,21,5
3.0,без,22,3
3.0,допинга,23,7
3.0,подаёт,24,6
3.0,общественности.,25,15
3.0,Антидопинговые,1,14
3.0,организации,2,11
3.0,постоянно,3,9
3.0,"подчёркивают,",4,13
3.0,что,5,3
3.0,использование,6,13
3.0,стимулирующих,7,13
3.0,веществ,8,7
3.0,противоречит,9,12
3.0,духу,10,4
3.0,спорта.,11,7
4.0,Тилацин,1,7
4.0,—,2,1
4.0,вымерший,3,8
4.0,вид,4,3
4.0,сумчатых,5,8
4.0,"млекопитающих,",6,14
4.0,самый,7,5
4.0,крупный,8,7
4.0,из,9,2
4.0,плотоядных,10,10
4.0,сумчатых,11,8
4.0,современности.,12,14
4.0,Тилацина,1,8
4.0,часто,2,5
4.0,называют,3,8
4.0,тасманийским,4,12
4.0,тигром,5,6
4.0,из-,6,3
4.0,за,7,2
4.0,его,8,3
4.0,полосатой,9,9
4.0,спины,10,5
4.0,или,11,3
4.0,сумчатым,12,8
4.0,волком,13,6
4.0,из-,14,3
4.0,за,15,2
4.0,сходства,16,8
4.0,его,17,3
4.0,облика,18,6
4.0,и,19,1
4.0,повадок,20,7
4.0,с,21,1
4.0,волчьими.,22,9
4.0,Этот,1,4
4.0,вид,2,3
4.0,водился,3,7
4.0,в,4,1
4.0,материковой,5,11
4.0,"Австралии,",6,10
4.0,Тасмании,7,8
4.0,и,8,1
4.0,Новой,9,5
4.0,"Гвинее,",10,7
4.0,"и,",11,2
4.0,как,12,3
4.0,"полагают,",13,9
4.0,вымер,14,5
4.0,в,15,1
4.0,двадцатом,16,9
4.0,веке.,17,5
4.0,Тилацин,1,7
4.0,был,2,3
4.0,одним,3,5
4.0,из,4,2
4.0,двух,5,4
4.0,известных,6,9
4.0,науке,7,5
4.0,"видов,",8,6
4.0,у,9,1
4.0,которых,10,7
4.0,сумка,11,5
4.0,есть,12,4
4.0,не,13,2
4.0,только,14,6
4.0,у,15,1
4.0,"самок,",16,6
4.0,но,17,2
4.0,и,18,1
4.0,у,19,1
4.0,самцов.,20,7
4.0,Сумка,1,5
4.0,самцов,2,6
4.0,тилацина,3,8
4.0,защищала,4,8
4.0,их,5,2
4.0,репродуктивные,6,14
4.0,органы,7,6
4.0,во,8,2
4.0,время,9,5
4.0,охоты,10,5
4.0,в,11,1
4.0,густом,12,6
4.0,кустарнике.,13,11
4.0,"Считается,",1,10
4.0,что,2,3
4.0,тилацин,3,7
4.0,был,4,3
4.0,грозным,5,7
4.0,"хищником,",6,9
4.0,так,7,3
4.0,как,8,3
4.0,он,9,2
4.0,успешно,10,7
4.0,охотился,11,8
4.0,и,12,1
4.0,выживал,13,7
4.0,в,14,1
4.0,тех,15,3
4.0,"местах,",16,7
4.0,где,17,3
4.0,было,18,4
4.0,очень,19,5
4.0,мало,20,4
4.0,добычи.,21,7
4.0,Тилацин,1,7
4.0,практически,2,11
4.0,исчез,3,5
4.0,или,4,3
4.0,даже,5,4
4.0,полностью,6,9
4.0,вымер,7,5
4.0,в,8,1
4.0,материковой,9,11
4.0,Австралии,10,9
4.0,еще,11,3
4.0,до,12,2
4.0,прибытия,13,8
4.0,"британцев,",14,10
4.0,но,15,2
4.0,всё,16,3
4.0,ещё,17,3
4.0,водился,18,7
4.0,на,19,2
4.0,острове,20,7
4.0,"Тасмания,",21,9
4.0,пока,22,4
4.0,не,23,2
4.0,подвергся,24,9
4.0,массовому,25,9
4.0,истреблению.,26,12
4.0,Обычно,1,6
4.0,в,2,1
4.0,вымирании,3,9
4.0,этого,4,5
4.0,вида,5,4
4.0,винят,6,5
4.0,бесконтрольный,7,14
4.0,отстрел,8,7
4.0,для,9,3
4.0,защиты,10,6
4.0,"скота,",11,6
4.0,но,12,2
4.0,были,13,4
4.0,и,14,1
4.0,другие,15,6
4.0,факторы:,16,8
4.0,"болезни,",17,8
4.0,появление,18,9
4.0,"собак,",19,6
4.0,которых,20,7
4.0,привезли,21,8
4.0,с,22,1
4.0,собой,23,5
4.0,"англичане,",24,10
4.0,а,25,1
4.0,также,26,5
4.0,вторжение,27,9
4.0,человека,28,8
4.0,в,29,1
4.0,естественную,30,12
4.0,среду,31,5
4.0,обитания,32,8
4.0,тилацина.,33,9
4.0,Хотя,1,4
4.0,сумчатый,2,8
4.0,волк,3,4
4.0,официально,4,10
4.0,считается,5,9
4.0,"вымершим,",6,9
4.0,на,7,2
4.0,Тасмании,8,8
4.0,до,9,2
4.0,сих,10,3
4.0,появляются,11,10
4.0,сообщения,12,9
4.0,о,13,1
4.0,встречах,14,8
4.0,с,15,1
4.0,"ним,",16,4
4.0,но,17,2
4.0,ни,18,2
4.0,одно,19,4
4.0,из,20,2
4.0,них,21,3
4.0,пока,22,4
4.0,не,23,2
4.0,получило,24,8
4.0,официального,25,12
4.0,подтверждения.,26,14
5.0,Всемирный,1,9
5.0,день,2,4
5.0,окружающей,3,10
5.0,среды,4,5
5.0,отмечают,5,8
5.0,ежегодно,6,8
5.0,пятого,7,6
5.0,июня.,8,5
5.0,Организация,1,11
5.0,Объединенных,2,12
5.0,Наций,3,5
5.0,использует,4,10
5.0,этот,5,4
5.0,день,6,4
5.0,для,7,3
5.0,распространения,8,15
5.0,информации,9,10
5.0,об,10,2
5.0,охране,11,6
5.0,природы.,12,8
5.0,Впервые,1,7
5.0,эту,2,3
5.0,дату,3,4
5.0,отметили,4,8
5.0,в,5,1
5.0,1974,6,4
5.0,"году,",7,5
5.0,и,8,1
5.0,с,9,1
5.0,тех,10,3
5.0,пор,11,3
5.0,празднование,12,12
5.0,сопровождается,13,14
5.0,широкомасштабными,14,17
5.0,"кампаниями,",15,11
5.0,посвященными,16,12
5.0,важнейшим,17,9
5.0,экологическим,18,13
5.0,проблемам:,19,10
5.0,загрязнению,20,11
5.0,мирового,21,8
5.0,"океана,",22,7
5.0,перенаселенности,23,16
5.0,"планеты,",24,8
5.0,глобальному,25,11
5.0,потеплению.,26,11
5.0,Праздник,1,8
5.0,поддерживают,2,12
5.0,крупные,3,7
5.0,"корпорации,",4,11
5.0,правительственные,5,17
5.0,и,6,1
5.0,частные,7,7
5.0,"организации,",8,12
5.0,а,9,1
5.0,также,10,5
5.0,знаменитости,11,12
5.0,из,12,2
5.0,разных,13,6
5.0,"стран,",14,6
5.0,чтобы,15,5
5.0,привлечь,16,8
5.0,к,17,1
5.0,экологическим,18,13
5.0,проблемам,19,9
5.0,внимание,20,8
5.0,общественности.,21,15
5.0,В,1,1
5.0,этом,2,4
5.0,событии,3,7
5.0,ежегодно,4,8
5.0,принимают,5,9
5.0,участие,6,7
5.0,более,7,5
5.0,ста,8,3
5.0,"стран,",9,6
5.0,и,10,1
5.0,каждый,11,6
5.0,раз,12,3
5.0,выбирается,13,10
5.0,новая,14,5
5.0,тема.,15,5
5.0,К,1,1
5.0,"примеру,",2,8
5.0,лозунг,3,6
5.0,прошлого,4,8
5.0,года,5,4
5.0,—,6,1
5.0,«Пластиковому,7,13
5.0,загрязнению,8,11
5.0,—,9,1
5.0,бой!».,10,6
5.0,Задачей,1,7
5.0,этой,2,4
5.0,кампании,3,8
5.0,было,4,4
5.0,вдохновить,5,10
5.0,людей,6,5
5.0,на,7,2
5.0,изменение,8,9
5.0,повседневных,9,12
5.0,"привычек,",10,9
5.0,чтобы,11,5
5.0,уменьшить,12,9
5.0,загрязнение,13,11
5.0,планеты,14,7
5.0,пластиком.,15,10
5.0,Особое,1,6
5.0,внимание,2,8
5.0,уделялось,3,9
5.0,одноразовым,4,11
5.0,пластиковым,5,11
5.0,"изделиям,",6,9
5.0,которые,7,7
5.0,считаются,8,9
5.0,наиболее,9,8
5.0,вредными,10,8
5.0,для,11,3
5.0,окружающей,12,10
5.0,среды.,13,6
5.0,Кампания,1,8
5.0,принесла,2,8
5.0,определенные,3,12
5.0,плоды,4,5
5.0,—,5,1
5.0,"так,",6,4
5.0,правительство,7,13
5.0,Индии,8,5
5.0,обязалось,9,9
5.0,ликвидировать,10,13
5.0,весь,11,4
5.0,одноразовый,12,11
5.0,пластик,13,7
5.0,в,14,1
5.0,стране,15,6
5.0,уже,16,3
5.0,через,17,5
5.0,четыре,18,6
5.0,года.,19,5
6.0,Монокль,1,7
6.0,—,2,1
6.0,это,3,3
6.0,оптический,4,10
6.0,прибор,5,6
6.0,для,6,3
6.0,коррекции,7,9
6.0,"зрения,",8,7
6.0,используемый,9,12
6.0,для,10,3
6.0,одного,11,6
6.0,глаза.,12,6
6.0,Он,1,2
6.0,состоит,2,7
6.0,из,3,2
6.0,одиночной,4,9
6.0,"линзы,",5,6
6.0,как,6,3
6.0,"правило,",7,8
6.0,с,8,1
6.0,оправой.,9,8
6.0,Оправа,1,6
6.0,может,2,5
6.0,быть,3,4
6.0,оснащена,4,8
6.0,цепочкой,5,8
6.0,или,6,3
6.0,"шнурком,",7,8
6.0,которые,8,7
6.0,крепятся,9,8
6.0,к,10,1
6.0,"одежде,",11,7
6.0,чтобы,12,5
6.0,не,13,2
6.0,потерять,14,8
6.0,монокль.,15,8
6.0,Монокль,1,7
6.0,вошёл,2,5
6.0,в,3,1
6.0,моду,4,4
6.0,одновременно,5,12
6.0,с,6,1
6.0,пенсне,7,6
6.0,и,8,1
6.0,широко,9,6
6.0,использовался,10,13
6.0,со,11,2
6.0,второй,12,6
6.0,половины,13,8
6.0,девятнадцатого,14,14
6.0,века,15,4
6.0,вплоть,16,6
6.0,до,17,2
6.0,Первой,18,6
6.0,мировой,19,7
6.0,войны.,20,6
6.0,"Монокль,",1,8
6.0,как,2,3
6.0,"правило,",3,8
6.0,носили,4,6
6.0,мужчины,5,7
6.0,—,6,1
6.0,особую,7,6
6.0,популярность,8,12
6.0,он,9,2
6.0,снискал,10,7
6.0,среди,11,5
6.0,гвардейских,12,11
6.0,"офицеров,",13,9
6.0,особенно,14,8
6.0,"немецких,",15,9
6.0,а,16,1
6.0,также,17,5
6.0,среди,18,5
6.0,состоятельных,19,13
6.0,людей,20,5
6.0,из,21,2
6.0,высших,22,6
6.0,слоев,23,5
6.0,общества.,24,9
6.0,Несмотря,1,8
6.0,на,2,2
6.0,широкую,3,7
6.0,распространенность,4,18
6.0,этого,5,5
6.0,аксессуара,6,10
6.0,чуть,7,4
6.0,больше,8,6
6.0,века,9,4
6.0,"назад,",10,6
6.0,сегодня,11,7
6.0,монокли,12,7
6.0,носят,13,5
6.0,редко.,14,6
6.0,В,1,1
6.0,значительной,2,12
6.0,степени,3,7
6.0,это,4,3
6.0,обусловлено,5,11
6.0,достижениями,6,12
6.0,в,7,1
6.0,"офтальмологии,",8,14
6.0,благодаря,9,9
6.0,которым,10,7
6.0,аномалию,11,8
6.0,рефракции,12,9
6.0,теперь,13,6
6.0,можно,14,5
6.0,измерить,15,8
6.0,более,16,5
6.0,точно.,17,6
6.0,В,1,1
6.0,результате,2,10
6.0,современные,3,11
6.0,очки,4,4
6.0,могут,5,5
6.0,быть,6,4
6.0,оснащены,7,8
6.0,линзами,8,7
6.0,разной,9,6
6.0,силы,10,4
6.0,для,11,3
6.0,каждого,12,7
6.0,"глаза,",13,6
6.0,с,14,1
6.0,учётом,15,6
6.0,индивидуальных,16,14
6.0,особенностей,17,12
6.0,зрения.,18,7
7.0,Дегустация,1,10
7.0,—,2,1
7.0,это,3,3
7.0,сенсорный,4,9
7.0,анализ,5,6
7.0,и,6,1
7.0,оценка,7,6
7.0,вина.,8,5
7.0,Хотя,1,4
7.0,дегустация,2,10
7.0,вина,3,4
7.0,—,4,1
7.0,явление,5,7
7.0,такое,6,5
7.0,же,7,2
7.0,"древнее,",8,8
7.0,как,9,3
7.0,само,10,4
7.0,"виноделие,",11,10
7.0,более,12,5
7.0,или,13,3
7.0,менее,14,5
7.0,формальная,15,10
7.0,методология,16,11
7.0,дегустации,17,10
7.0,начала,18,6
7.0,постепенно,19,10
7.0,зарождаться,20,11
7.0,лишь,21,4
7.0,с,22,1
7.0,позднего,23,8
7.0,средневековья.,24,14
7.0,Современные,1,11
7.0,профессиональные,2,16
7.0,дегустаторы,3,11
7.0,используют,4,10
7.0,постоянно,5,9
7.0,расширяющуюся,6,13
7.0,"терминологию,",7,13
7.0,чтобы,8,5
7.0,передать,9,8
7.0,диапазон,10,8
7.0,"вкусов,",11,7
7.0,ароматов,12,8
7.0,и,13,1
7.0,общих,14,5
7.0,характеристик,15,13
7.0,вина.,16,5
7.0,В,1,1
7.0,последние,2,9
7.0,годы,3,4
7.0,появились,4,9
7.0,"исследования,",5,13
7.0,ставящие,6,8
7.0,под,7,3
7.0,сомнение,8,8
7.0,надёжность,9,10
7.0,результатов,10,11
7.0,"дегустации,",11,11
7.0,полученных,12,10
7.0,как,13,3
7.0,"экспертами,",14,11
7.0,так,15,3
7.0,и,16,1
7.0,потребителями.,17,14
7.0,"Например,",1,9
7.0,согласно,2,8
7.0,результатам,3,11
7.0,"исследований,",4,13
7.0,люди,5,4
7.0,"считают,",6,8
7.0,что,7,3
7.0,более,8,5
7.0,дорогое,9,7
7.0,вино,10,4
7.0,будет,11,5
7.0,обладать,12,8
7.0,лучшими,13,7
7.0,"характеристиками,",14,17
7.0,чем,15,3
7.0,менее,16,5
7.0,дорогое.,17,8
7.0,Когда,1,5
7.0,дегустаторам,2,12
7.0,предлагают,3,10
7.0,"вино,",4,5
7.0,которое,5,7
7.0,неправильно,6,11
7.0,описано,7,7
7.0,как,8,3
7.0,"дорогое,",9,8
7.0,они,10,3
7.0,практически,11,11
7.0,всегда,12,6
7.0,оценивают,13,9
7.0,его,14,3
7.0,вкус,15,4
7.0,"выше,",16,5
7.0,чем,17,3
7.0,вкус,18,4
7.0,того,19,4
7.0,же,20,2
7.0,самого,21,6
7.0,"вина,",22,5
7.0,которое,23,7
7.0,было,24,4
7.0,представлено,25,12
7.0,как,26,3
7.0,дешевое.,27,8
7.0,Другие,1,6
7.0,исследования,2,12
7.0,"показывают,",3,11
7.0,что,4,3
7.0,на,5,2
7.0,оценку,6,6
7.0,вина,7,4
7.0,дегустаторами,8,13
7.0,влияет,9,6
7.0,любая,10,5
7.0,информация,11,10
7.0,о,12,1
7.0,"нём,",13,4
7.0,"например,",14,9
7.0,его,15,3
7.0,географическое,16,14
7.0,"происхождение,",17,14
7.0,репутация,18,9
7.0,и,19,1
7.0,прочие,20,6
7.0,характеристики.,21,15
7.0,Таким,1,5
7.0,"образом,",2,8
7.0,для,3,3
7.0,объективной,4,11
7.0,дегустации,5,10
7.0,"требуется,",6,10
7.0,чтобы,7,5
7.0,вино,8,4
7.0,подавалось,9,10
7.0,"вслепую,",10,8
7.0,то,11,2
7.0,есть,12,4
7.0,"так,",13,4
7.0,чтобы,14,5
7.0,дегустатор,15,10
7.0,не,16,2
7.0,видел,17,5
7.0,этикетку,18,8
7.0,или,19,3
7.0,форму,20,5
7.0,бутылки.,21,8
7.0,Дегустация,1,10
7.0,вслепую,2,7
7.0,также,3,5
7.0,может,4,5
7.0,предполагать,5,12
7.0,подачу,6,6
7.0,вина,7,4
7.0,в,8,1
7.0,черном,9,6
7.0,"бокале,",10,7
7.0,чтобы,11,5
7.0,скрыть,12,6
7.0,его,13,3
7.0,цвет.,14,5
8.0,Апельсиновый,1,12
8.0,сок,2,3
8.0,—,3,1
8.0,это,4,3
8.0,"напиток,",5,8
8.0,который,6,7
8.0,получают,7,8
8.0,из,8,2
8.0,плодов,9,6
8.0,апельсинового,10,13
8.0,дерева.,11,7
8.0,Апельсиновый,1,12
8.0,сок,2,3
8.0,с,3,1
8.0,длительным,4,10
8.0,сроком,5,6
8.0,"хранения,",6,9
8.0,произведённый,7,13
8.0,в,8,1
8.0,промышленных,9,12
8.0,"условиях,",10,9
8.0,получают,11,8
8.0,путем,12,5
8.0,тепловой,13,8
8.0,обработки,14,9
8.0,—,15,1
8.0,пастеризации,16,12
8.0,—,17,1
8.0,и,18,1
8.0,удаления,19,8
8.0,из,20,2
8.0,него,21,4
8.0,кислорода.,22,10
8.0,Этот,1,4
8.0,процесс,2,7
8.0,влияет,3,6
8.0,на,4,2
8.0,вкусовые,5,8
8.0,качества,6,8
8.0,"сока,",7,5
8.0,что,8,3
8.0,вынуждает,9,9
8.0,производителей,10,14
8.0,добавлять,11,9
8.0,усилители,12,9
8.0,вкуса,13,5
8.0,(как,14,4
8.0,"правило,",15,8
8.0,это,16,3
8.0,вытяжки,17,7
8.0,из,18,2
8.0,цитрусовых).,19,12
8.0,Более,1,5
8.0,"того,",2,5
8.0,некоторые,3,9
8.0,производители,4,13
8.0,выпаривают,5,10
8.0,сок,6,3
8.0,и,7,1
8.0,затем,8,5
8.0,снова,9,5
8.0,добавляют,10,9
8.0,в,11,1
8.0,него,12,4
8.0,воду,13,4
8.0,или,14,3
8.0,разбавляют,15,10
8.0,водой,16,5
8.0,заранее,17,7
8.0,изготовленный,18,13
8.0,концентрат.,19,11
8.0,Сложно,1,6
8.0,"сказать,",2,8
8.0,насколько,3,9
8.0,апельсиновый,4,12
8.0,сок,5,3
8.0,полезен,6,7
8.0,для,7,3
8.0,здоровья:,8,9
8.0,несмотря,9,8
8.0,на,10,2
8.0,"то,",11,3
8.0,что,12,3
8.0,он,13,2
8.0,является,14,8
8.0,важным,15,6
8.0,источником,16,10
8.0,витамина,17,8
8.0,"С,",18,2
8.0,в,19,1
8.0,нем,20,3
8.0,содержится,21,10
8.0,столько,22,7
8.0,же,23,2
8.0,простых,24,7
8.0,"сахаров,",25,8
8.0,сколько,26,7
8.0,в,27,1
8.0,газированных,28,12
8.0,напитках.,29,9
8.0,Также,1,5
8.0,необходимо,2,10
8.0,"учитывать,",3,10
8.0,что,4,3
8.0,употребление,5,12
8.0,апельсинового,6,13
8.0,сока,7,4
8.0,на,8,2
8.0,голодный,9,8
8.0,желудок,10,7
8.0,может,11,5
8.0,обострить,12,9
8.0,проблемы,13,8
8.0,с,14,1
8.0,кишечником,15,10
8.0,или,16,3
8.0,вызвать,17,7
8.0,расстройство,18,12
8.0,пищеварения.,19,12
8.0,Кроме,1,5
8.0,"того,",2,5
8.0,высокая,3,7
8.0,кислотность,4,11
8.0,этого,5,5
8.0,напитка,6,7
8.0,оказывает,7,9
8.0,вредное,8,7
8.0,воздействие,9,11
8.0,на,10,2
8.0,зубную,11,6
8.0,"эмаль,",12,6
8.0,поэтому,13,7
8.0,апельсиновый,14,12
8.0,сок,15,3
8.0,рекомендуют,16,11
8.0,пить,17,4
8.0,через,18,5
8.0,соломинку.,19,10
9.0,Пчеловодство,1,12
9.0,—,2,1
9.0,отрасль,3,7
9.0,сельского,4,9
9.0,"хозяйства,",5,10
9.0,которая,6,7
9.0,занимается,7,10
9.0,разведением,8,11
9.0,медоносных,9,10
9.0,пчёл,10,4
9.0,для,11,3
9.0,получения,12,9
9.0,"мёда,",13,5
9.0,пчелиного,14,9
9.0,воска,15,5
9.0,и,16,1
9.0,других,17,6
9.0,"продуктов,",18,10
9.0,а,19,1
9.0,также,20,5
9.0,для,21,3
9.0,опыления,22,8
9.0,сельскохозяйственных,23,20
9.0,культур,24,7
9.0,с,25,1
9.0,целью,26,5
9.0,повышения,27,9
9.0,их,28,2
9.0,урожайности.,29,12
9.0,Пчеловодство,1,12
9.0,было,2,4
9.0,известно,3,8
9.0,задолго,4,7
9.0,до,5,2
9.0,нашей,6,5
9.0,эры,7,3
9.0,—,8,1
9.0,древнейшие,9,10
9.0,изображения,10,11
9.0,сделанных,11,9
9.0,людьми,12,6
9.0,ульев,13,5
9.0,относятся,14,9
9.0,ко,15,2
9.0,временам,16,8
9.0,Древнего,17,8
9.0,Египта.,18,7
9.0,Более,1,5
9.0,четырех,2,7
9.0,тысяч,3,5
9.0,лет,4,3
9.0,назад,5,5
9.0,для,6,3
9.0,разведения,7,10
9.0,пчел,8,4
9.0,там,9,3
9.0,сооружали,10,9
9.0,простейшие,11,10
9.0,"ульи,",12,5
9.0,а,13,1
9.0,полученный,14,10
9.0,мед,15,3
9.0,хранили,16,7
9.0,в,17,1
9.0,кувшинах,18,8
9.0,—,19,1
9.0,некоторые,20,9
9.0,из,21,2
9.0,них,22,3
9.0,даже,23,4
9.0,были,24,4
9.0,найдены,25,7
9.0,в,26,1
9.0,гробницах,27,9
9.0,фараонов.,28,9
9.0,Принципы,1,8
9.0,пчеловодства,2,12
9.0,оставались,3,10
9.0,практически,4,11
9.0,неизменными,5,11
9.0,до,6,2
9.0,восемнадцатого,7,14
9.0,"века,",8,5
9.0,когда,9,5
9.0,открытия,10,8
9.0,в,11,1
9.0,области,12,7
9.0,биологии,13,8
9.0,привели,14,7
9.0,к,15,1
9.0,изобретению,16,11
9.0,разборных,17,9
9.0,"ульев,",18,6
9.0,что,19,3
9.0,позволило,20,9
9.0,добывать,21,8
9.0,"мед,",22,4
9.0,не,23,2
9.0,разрушая,24,8
9.0,всю,25,3
9.0,пчелиную,26,8
9.0,колонию.,27,8
9.0,В,1,1
9.0,наши,2,4
9.0,дни,3,3
9.0,"считается,",4,10
9.0,что,5,3
9.0,чем,6,3
9.0,больше,7,6
9.0,укусов,8,6
9.0,получает,9,8
9.0,"пчеловод,",10,9
9.0,тем,11,3
9.0,меньшую,12,7
9.0,реакцию,13,7
9.0,вызывает,14,8
9.0,каждый,15,6
9.0,из,16,2
9.0,"них,",17,4
9.0,поэтому,18,7
9.0,в,19,1
9.0,целях,20,5
9.0,безопасности,21,12
9.0,пчеловодам,22,10
9.0,рекомендуют,23,11
9.0,быть,24,4
9.0,ужаленными,25,10
9.0,несколько,26,9
9.0,раз,27,3
9.0,в,28,1
9.0,сезон.,29,6
9.0,"Действительно,",1,14
9.0,недавние,2,8
9.0,исследования,3,12
9.0,"показали,",4,9
9.0,что,5,3
9.0,таким,6,5
9.0,образом,7,7
9.0,у,8,1
9.0,пчеловодов,9,10
9.0,вырабатывается,10,14
9.0,высокий,11,7
9.0,уровень,12,7
9.0,"антител,",13,8
9.0,реагирующих,14,11
9.0,на,15,2
9.0,главный,16,7
9.0,антиген,17,7
9.0,пчелиного,18,9
9.0,яда.,19,4
10.0,Национальный,1,12
10.0,флаг,2,4
10.0,—,3,1
10.0,это,4,3
10.0,"флаг,",5,5
10.0,который,6,7
10.0,представляет,7,12
10.0,и,8,1
10.0,символизирует,9,13
10.0,страну.,10,7
10.0,Национальный,1,12
10.0,флаг,2,4
10.0,обычно,3,6
10.0,создается,4,9
10.0,по,5,2
10.0,указу,6,5
10.0,правительства,7,13
10.0,"страны,",8,7
10.0,хотя,9,4
10.0,также,10,5
10.0,может,11,5
10.0,быть,12,4
10.0,предложен,13,9
10.0,и,14,1
10.0,ее,15,2
10.0,гражданами.,16,11
10.0,При,1,3
10.0,разработке,2,10
10.0,национального,3,13
10.0,флага,4,5
10.0,все,5,3
10.0,его,6,3
10.0,цвета,7,5
10.0,и,8,1
10.0,символы,9,7
10.0,имеют,10,5
10.0,определенное,11,12
10.0,значение.,12,9
10.0,Исторически,1,11
10.0,флаги,2,5
10.0,использовали,3,12
10.0,в,4,1
10.0,качестве,5,8
10.0,военного,6,8
10.0,"знамени,",7,8
10.0,чтобы,8,5
10.0,обозначить,9,10
10.0,расположение,10,12
10.0,войск,11,5
10.0,разных,12,6
10.0,стран,13,5
10.0,на,14,2
10.0,поле,15,4
10.0,боя.,16,4
10.0,Только,1,6
10.0,в,2,1
10.0,начале,3,6
10.0,семнадцатого,4,12
10.0,века,5,4
10.0,флаги,6,5
10.0,стали,7,5
10.0,использовать,8,12
10.0,в,9,1
10.0,мирное,10,6
10.0,время.,11,6
10.0,Национальный,1,12
10.0,"флаг,",2,5
10.0,как,3,3
10.0,"правило,",4,8
10.0,описан,5,6
10.0,в,6,1
10.0,конституции,7,11
10.0,страны.,8,7
10.0,Все,1,3
10.0,национальные,2,12
10.0,флаги,3,5
10.0,имеют,4,5
10.0,прямоугольную,5,13
10.0,"форму,",6,6
10.0,за,7,2
10.0,исключением,8,11
10.0,единственного,9,13
10.0,в,10,1
10.0,своем,11,5
10.0,роде,12,4
10.0,треугольного,13,12
10.0,флага,14,5
10.0,Непала.,15,7
10.0,Хотя,1,4
10.0,пропорции,2,9
10.0,флагов,3,6
10.0,могут,4,5
10.0,"различаться,",5,12
10.0,нет,6,3
10.0,ни,7,2
10.0,одного,8,6
10.0,"флага,",9,6
10.0,у,10,1
10.0,которого,11,8
10.0,высота,12,6
10.0,была,13,4
10.0,бы,14,2
10.0,больше,15,6
10.0,ширины.,16,7
10.0,Флаги,1,5
10.0,Швейцарии,2,9
10.0,и,3,1
10.0,Ватикана,4,8
10.0,—,5,1
10.0,единственные,6,12
10.0,национальные,7,12
10.0,"флаги,",8,6
10.0,имеющие,9,7
10.0,форму,10,5
10.0,квадрата.,11,9
10.0,Наиболее,1,8
10.0,популярные,2,10
10.0,"цвета,",3,6
10.0,используемые,4,12
10.0,для,5,3
10.0,национальных,6,12
10.0,"флагов,",7,7
10.0,—,8,1
10.0,"красный,",9,8
10.0,"белый,",10,6
10.0,зеленый,11,7
10.0,и,12,1
10.0,синий.,13,6
10.0,Несмотря,1,8
10.0,на,2,2
10.0,"то,",3,3
10.0,что,4,3
10.0,каждый,5,6
10.0,национальный,6,12
10.0,флаг,7,4
10.0,создается,8,9
10.0,как,9,3
10.0,уникальный,10,10
10.0,символ,11,6
10.0,своей,12,5
10.0,"страны,",13,7
10.0,многие,14,6
10.0,флаги,15,5
10.0,имеют,16,5
10.0,очень,17,5
10.0,похожие,18,7
10.0,цвета,19,5
10.0,и,20,1
10.0,дизайн.,21,7
11.0,Международный,1,13
11.0,союз,2,4
11.0,охраны,3,6
11.0,природы,4,7
11.0,—,5,1
11.0,это,6,3
11.0,международная,7,13
11.0,"организация,",8,12
11.0,работающая,9,10
11.0,в,10,1
11.0,сфере,11,5
11.0,охраны,12,6
11.0,природы,13,7
11.0,и,14,1
11.0,экологически,15,12
11.0,безопасного,16,11
11.0,использования,17,13
11.0,природных,18,9
11.0,ресурсов.,19,9
11.0,Она,1,3
11.0,занимается,2,10
11.0,сбором,3,6
11.0,и,4,1
11.0,анализом,5,8
11.0,"данных,",6,7
11.0,"исследованиями,",7,15
11.0,полевыми,8,8
11.0,"проектами,",9,10
11.0,правовой,10,8
11.0,защитой,11,7
11.0,и,12,1
11.0,образованием.,13,13
11.0,Ее,1,2
11.0,миссия,2,6
11.0,—,3,1
11.0,"«влиять,",4,8
11.0,поощрять,5,8
11.0,и,6,1
11.0,помогать,7,8
11.0,обществам,8,9
11.0,во,9,2
11.0,всем,10,4
11.0,мире,11,4
11.0,в,12,1
11.0,охране,13,6
11.0,природы,14,7
11.0,и,15,1
11.0,обеспечивать,16,12
11.0,не,17,2
11.0,ущемляющее,18,10
11.0,ничьих,19,6
11.0,интересов,20,9
11.0,и,21,1
11.0,экологически,22,12
11.0,безопасное,23,10
11.0,использование,24,13
11.0,природных,25,9
11.0,ресурсов».,26,10
11.0,В,1,1
11.0,последние,2,9
11.0,десятилетия,3,11
11.0,организация,4,11
11.0,расширила,5,9
11.0,сферу,6,5
11.0,деятельности,7,12
11.0,и,8,1
11.0,включила,9,8
11.0,в,10,1
11.0,свои,11,4
11.0,проекты,12,7
11.0,не,13,2
11.0,только,14,6
11.0,сохранение,15,10
11.0,"природы,",16,8
11.0,но,17,2
11.0,и,18,1
11.0,вопросы,19,7
11.0,экологически,20,12
11.0,безопасного,21,11
11.0,развития.,22,9
11.0,В,1,1
11.0,отличие,2,7
11.0,от,3,2
11.0,многих,4,6
11.0,других,5,6
11.0,международных,6,13
11.0,экологических,7,13
11.0,"организаций,",8,12
11.0,Союз,9,4
11.0,не,10,2
11.0,ставит,11,6
11.0,цели,12,4
11.0,задействовать,13,13
11.0,общественность,14,14
11.0,в,15,1
11.0,деле,16,4
11.0,охраны,17,6
11.0,природы.,18,8
11.0,Вместо,1,6
11.0,этого,2,5
11.0,организация,3,11
11.0,стремится,4,9
11.0,влиять,5,6
11.0,на,6,2
11.0,деятельность,7,12
11.0,"правительств,",8,13
11.0,компаний,9,8
11.0,и,10,1
11.0,других,11,6
11.0,крупных,12,7
11.0,"игроков,",13,8
11.0,предоставляя,14,12
11.0,им,15,2
11.0,информацию,16,10
11.0,и,17,1
11.0,рекомендации,18,12
11.0,и,19,1
11.0,налаживая,20,9
11.0,партнерские,21,11
11.0,отношения.,22,10
11.0,Организация,1,11
11.0,известна,2,8
11.0,широкой,3,7
11.0,общественности,4,14
11.0,в,5,1
11.0,основном,6,8
11.0,благодаря,7,9
11.0,"тому,",8,5
11.0,что,9,3
11.0,составляет,10,10
11.0,и,11,1
11.0,публикует,12,9
11.0,«Красную,13,8
11.0,книгу»,14,6
11.0,—,15,1
11.0,список,16,6
11.0,"видов,",17,6
11.0,находящихся,18,11
11.0,под,19,3
11.0,угрозой,20,7
11.0,"исчезновения,",21,13
11.0,в,22,1
11.0,которой,23,7
11.0,оценивает,24,9
11.0,охранный,25,8
11.0,статус,26,6
11.0,видов,27,5
11.0,во,28,2
11.0,всем,29,4
11.0,мире.,30,5
11.0,В,1,1
11.0,настоящее,2,9
11.0,время,3,5
11.0,организация,4,11
11.0,насчитывает,5,11
11.0,около,6,5
11.0,тысячи,7,6
11.0,постоянных,8,10
11.0,сотрудников,9,11
11.0,в,10,1
11.0,более,11,5
11.0,чем,12,3
11.0,пятидесяти,13,10
11.0,странах.,14,8
12.0,Регистрационный,1,15
12.0,номер,2,5
12.0,транспортного,3,13
12.0,средства,4,8
12.0,—,5,1
12.0,это,6,3
12.0,металлическая,7,13
12.0,или,8,3
12.0,пластиковая,9,11
12.0,"табличка,",10,9
12.0,которая,11,7
12.0,помещается,12,10
12.0,на,13,2
12.0,транспортное,14,12
12.0,средство,15,8
12.0,в,16,1
12.0,целях,17,5
12.0,идентификации.,18,14
12.0,Все,1,3
12.0,страны,2,6
12.0,требуют,3,7
12.0,регистрационных,4,15
12.0,знаков,5,6
12.0,для,6,3
12.0,таких,7,5
12.0,наземных,8,8
12.0,транспортных,9,12
12.0,"средств,",10,8
12.0,как,11,3
12.0,легковые,12,8
12.0,и,13,1
12.0,грузовые,14,8
12.0,"автомобили,",15,11
12.0,а,16,1
12.0,также,17,5
12.0,мотоциклы.,18,10
12.0,Обязательны,1,11
12.0,ли,2,2
12.0,они,3,3
12.0,для,4,3
12.0,других,5,6
12.0,видов,6,5
12.0,"транспорта,",7,11
12.0,"например,",8,9
12.0,для,9,3
12.0,"велосипедов,",10,12
12.0,лодок,11,5
12.0,и,12,1
12.0,"тракторов,",13,10
12.0,зависит,14,7
12.0,от,15,2
12.0,местных,16,7
12.0,законов.,17,8
12.0,Регистрационный,1,15
12.0,номер,2,5
12.0,—,3,1
12.0,это,4,3
12.0,комбинация,5,10
12.0,букв,6,4
12.0,и,7,1
12.0,"цифр,",8,5
12.0,которая,9,7
12.0,позволяет,10,9
12.0,однозначно,11,10
12.0,идентифицировать,12,16
12.0,владельца,13,9
12.0,транспортного,14,13
12.0,средства,15,8
12.0,в,16,1
12.0,реестре,17,7
12.0,номеров,18,7
12.0,соответствующей,19,15
12.0,административной,20,16
12.0,единицы.,21,8
12.0,В,1,1
12.0,некоторых,2,9
12.0,странах,3,7
12.0,номера,4,6
12.0,регистрируются,5,14
12.0,в,6,1
12.0,едином,7,6
12.0,"реестре,",8,8
12.0,в,9,1
12.0,других,10,6
12.0,реестры,11,7
12.0,ведутся,12,7
12.0,в,13,1
12.0,отдельных,14,9
12.0,штатах,15,6
12.0,или,16,3
12.0,областях.,17,9
12.0,Франция,1,7
12.0,была,2,4
12.0,первой,3,6
12.0,"страной,",4,8
12.0,в,5,1
12.0,которой,6,7
12.0,ввели,7,5
12.0,регистрационные,8,15
12.0,"номера,",9,7
12.0,—,10,1
12.0,там,11,3
12.0,это,12,3
12.0,случилось,13,9
12.0,в,14,1
12.0,конце,15,5
12.0,девятнадцатого,16,14
12.0,века.,17,5
12.0,Номерные,1,8
12.0,знаки,2,5
12.0,в,3,1
12.0,начале,4,6
12.0,двадцатого,5,10
12.0,века,6,4
12.0,настолько,7,9
12.0,отличались,8,10
12.0,размером,9,8
12.0,и,10,1
12.0,формой,11,6
12.0,в,12,1
12.0,разных,13,6
12.0,административных,14,16
12.0,"единицах,",15,9
12.0,что,16,3
12.0,"тому,",17,5
12.0,кто,18,3
12.0,"переезжал,",19,10
12.0,приходилось,20,11
12.0,сверлить,21,8
12.0,в,22,1
12.0,автомобиле,23,10
12.0,новые,24,5
12.0,"отверстия,",25,10
12.0,чтобы,26,5
12.0,прикрепить,27,10
12.0,новый,28,5
12.0,знак.,29,5
12.0,Стандартизация,1,14
12.0,знаков,2,6
12.0,была,3,4
12.0,введена,4,7
12.0,в,5,1
12.0,конце,6,5
12.0,пятидесятых,7,11
12.0,"годов,",8,6
12.0,когда,9,5
12.0,производители,10,13
12.0,автомобилей,11,11
12.0,пришли,12,6
12.0,к,13,1
12.0,соглашению,14,10
12.0,с,15,1
12.0,правительствами,16,15
12.0,и,17,1
12.0,международными,18,14
12.0,организациями.,19,14